Year,Market Value
2019,24.24
2020,27.905088
2021,32.12433731
2022,36.98153711
2023,42.57314552
2024,49.01020512
2025,56.42054813